FENAME,编码SOC,FCNAME,ELEMID,k_un1990,k_un1991,k_un1992,k_un1993,k_un1994,k_un1995,k_un1996,k_un1997,k_un1998,k_un1999,k_un2000,k_un2001,k_un2002,k_un2003,k_un2004,k_un2005,k_un2006,k_un2007,k_un2008,k_un2009,k_un2010,k_un2011,k_un2012,k_un2013,k_un2014,k_un2015,k_un2016,k_un2017,k_un2018,k_un2019,k_un2020
Aruba,ABW,阿鲁巴,32,65712,67864,70192,72360,74710,77050,79417,81858,84355,86867,89101,90690,91781,92701,93540,94483,95606,96787,97996,99212,100342,101288,102112,102880,103594,104257,104874,105439,105962,106442,106585
Afghanistan,AFG,阿富汗,200,10694796,10745167,12057433,14003760,15455554,16418912,17106595,17788819,18493132,19262847,19542982,19688632,21000256,22645130,23553551,24411191,25442944,25903301,26427199,27385307,28189672,29249157,30466479,31541209,32716210,33753499,34636207,35643418,36686784,37769498,38972230
Angola,AGO,安哥拉,113,11828638,12228690,12632507,13038270,13462031,13912252,14383350,14871146,15366864,15870752,16394062,16941587,17516139,18124342,18771125,19450959,20162340,20909684,21691522,22507674,23364185,24259111,25188292,26147002,27128337,28127721,29154746,30208628,31273533,32353588,33428486
Anguilla,AIA,安圭拉,16,8316,8616,8887,9121,9356,9600,9863,10132,10416,10722,11047,11344,11560,11744,11934,12128,12325,12524,12730,12946,13172,13342,13455,13700,14120,14525,14813,15015,15181,15380,15585
Albania,ALB,阿尔巴尼亚,187,3295066,3302081,3303739,3300711,3293999,3284364,3271331,3253719,3232175,3208260,3182020,3153612,3123551,3092991,3062622,3032634,3003387,2976084,2951689,2930541,2913400,2900654,2892193,2887014,2884102,2882480,2881063,2879355,2877013,2873884,2866848
Andorra,AND,安道尔,183,53569,55434,57283,59156,61037,62928,64147,64682,65186,65655,66098,67820,70848,73908,76933,79826,80220,78168,76055,73852,71519,70568,71012,71366,71622,71746,72540,73836,75013,76343,77700
"United Arab Emirates,ANT",ARE,阿联酋,234,1900151,2008383,2116231,2223284,2329024,2433988,2572735,2746118,2921130,3097563,3275333,3454198,3633654,3813443,3993339,4280993,4898954,5872624,6988684,7992644,8481771,8575205,8664970,8751848,8835952,8916899,8994263,9068296,9140170,9211657,9287289
Argentina,ARG,阿根廷,141,32637657,33105763,33568285,34027240,34488696,34946110,35389362,35815971,36233195,36653031,37070774,37480492,37885028,38278164,38668796,39070501,39476850,39876112,40273769,40684338,41100123,41520740,41952365,42388269,42824054,43257065,43668241,44054616,44413596,44745520,45036032
Republic of Armenia,ARM,亚美尼亚,197,3556539,3617631,3574556,3457349,3373713,3322782,3298898,3271418,3240550,3206030,3168523,3133134,3105038,3084102,3065745,3047246,3026486,3004393,2983421,2964296,2946293,2928976,2914421,2901384,2889930,2878595,2865835,2851923,2836557,2820602,2805608
American Samoa,ASM,美属萨摩亚,48,47818,48992,50078,51174,52288,53401,54500,55578,56603,57594,58230,58324,58177,57940,57626,57254,56837,56382,55891,55366,54850,54310,53691,52995,52217,51368,50448,49463,48424,47321,46189
Antigua and Barbuda,ATG,安提瓜和巴布达,19,63328,63634,64659,65834,67072,68398,69798,71218,72572,73821,75055,76215,77195,78074,78941,79869,80896,82016,83251,84534,85695,86729,87674,88497,89236,89940,90564,91119,91626,92116,92664
Commonwealth of Australia,AUS,澳大利亚,49,17048003,17271086,17462504,17631511,17805504,18002999,18211845,18410250,18601667,18800892,19017963,19248143,19475844,19698999,19925056,20171731,20467030,20830828,21247873,21660892,22019168,22357034,22729269,23111782,23469579,23820236,24195701,24590334,24979230,25357170,25670051
Republic of Austria,AUT,奥地利,169,7678729,7755638,7840816,7905278,7935365,7947296,7958041,7967093,7975862,7991376,8010428,8039626,8078992,8120104,8171217,8227034,8267763,8294722,8321132,8342936,8362829,8391200,8429636,8479539,8546066,8642421,8736487,8797496,8840512,8879940,8907777
Republic of Azerbaijan,AZE,阿塞拜疆,220,7427836,7538267,7643338,7740107,7821880,7889330,7949102,8000062,8041096,8101450,8190337,8282023,8372127,8462322,8556164,8656237,8763354,8878411,8999696,9119628,9237202,9359014,9485576,9614478,9741880,9863480,9976248,10071567,10152522,10232753,10284951
Republic of Burundi,BDI,布隆迪,111,5483794,5594828,5743085,5555220,5586408,5932783,5930507,5923862,6035340,6180180,6307660,6465729,6648938,6860846,7120496,7388874,7658190,7944609,8278109,8709366,9126606,9455733,9795479,10149578,10494912,10727148,10903328,11155593,11493472,11874838,12220226
Kingdom of Belgium,BEL,比利时,163,9959560,9987070,10016455,10043738,10069182,10095198,10123230,10154872,10188538,10224220,10264342,10309256,10355568,10402550,10456162,10516978,10582975,10653696,10726716,10801356,10877946,10955742,11031140,11103257,11176723,11248304,11316836,11384490,11448596,11510568,11561716
Republic of Benin,BEN,贝宁,98,5133420,5293046,5457778,5706181,5923394,6046510,6203860,6387026,6584183,6788589,6998023,7212040,7431783,7659208,7894554,8149419,8402631,8647760,8906469,9172514,9445710,9726380,10014078,10308730,10614844,10932784,11260085,11596778,11940683,12290444,12643123
Burkina Faso,BFA,布基纳法索,87,9131360,9365064,9598555,9840075,10091256,10353262,10621210,10897353,11201063,11533554,11882888,12249764,12632269,13030591,13445977,13876127,14316242,14757074,15197915,15650022,16116845,16602652,17113732,17636408,18169842,18718019,19275498,19835858,20392723,20951639,21522626
People,BGD,孟加拉国,222,107147651,109242834,111272102,113418757,115614891,117793338,119876868,122039226,124350471,126754824,129193327,131670484,134139826,136503206,138789725,140912590,142628831,144135934,145421318,146706810,148391139,150211006,152090650,154030139,155961298,157830000,159784568,161793964,163683958,165516222,167420950
Republic of Bulgaria,BGR,保加利亚,182,8767778,8721660,8668540,8611536,8548466,8477580,8401376,8318966,8234927,8162301,8097692,8034860,7974810,7917740,7865316,7815222,7766036,7719036,7674913,7634736,7592272,7543130,7488344,7431167,7372142,7309254,7245974,7182428,7117431,7052532,6979174
State of Bahrain,BHR,巴林,213,517418,535415,554470,573756,593254,612934,632756,652642,672484,692133,711442,730257,748324,778256,833451,901921,970980,1040532,1110343,1179453,1213645,1212077,1224939,1261673,1311134,1362142,1409661,1456834,1487340,1494188,1477469
Commonwealth of the Bahamas,BHS,巴哈马,6,270679,276058,281973,288164,293997,299554,304932,310170,315398,320272,325014,329626,334002,338490,343090,347804,352664,357666,362795,368057,373272,377950,382061,385650,389131,392698,395976,399020,401906,404557,406472
Bosnia and Herzegovina,BIH,波黑,177,4494310,4502386,4275730,3942980,3762330,3750527,3907750,4047748,4115059,4153014,4179350,4194932,4198410,4183757,4142860,4094297,4058086,4007876,3943392,3877750,3811088,3743142,3674374,3617558,3571068,3524324,3480986,3440027,3400129,3360712,3318407
Repubic of Belarus,BLR,白俄罗斯,158,10428525,10457616,10475908,10480484,10475394,10461696,10436459,10400924,10357466,10308283,10256482,10201208,10135388,10065878,9999712,9935163,9874700,9825986,9787826,9757708,9731427,9706982,9693749,9691136,9693740,9700609,9708110,9707876,9695574,9673971,9633740
Belize,BLZ,伯利兹,21,182589,186462,190299,194177,198416,203556,209840,217117,224907,232733,240406,248100,255987,263998,272128,280375,288729,297174,305671,314170,322106,329538,337059,344688,352335,359871,367312,374693,382066,389095,394920
Bermuda,BMU,百慕大,5,57470,57874,58322,58740,59112,59465,59840,60227,60603,60981,61371,61763,62139,62468,62740,62958,63080,63156,63258,63353,63447,63533,63560,63506,63355,63144,63068,63275,63571,63812,64030
Republic of Bolivia,BOL,玻利维亚,138,7096194,7244891,7394419,7544489,7693722,7841472,7989367,8137620,8286928,8439052,8592656,8746084,8900583,9057378,9216279,9377388,9542662,9711152,9880593,10051318,10223270,10396246,10569697,10743349,10916988,11090086,11263016,11435534,11606905,11777314,11936162
Federative Republic of Brazil,BRA,巴西,137,150706446,153336445,155900790,158440875,160980472,163515328,166037122,168546707,171039804,173486281,175873720,178211881,180476686,182629278,184722043,186797334,188820682,190779453,192672317,194517548,196353492,198185302,199977706,201721767,203459650,205188205,206859578,208504960,210166592,211782878,213196304
Barbados,BRB,巴巴多斯,30,258868,259402,260212,260996,261712,262304,262794,263224,263642,264170,264657,265377,266455,267499,268505,269477,270426,271444,272635,273792,274711,275486,276198,276865,277493,278083,278649,279187,279688,280180,280693
Brunei Darussalam,BRN,文莱,207,261928,269860,277416,284713,291936,299097,306196,313215,320152,327045,333926,340748,347463,354045,360461,366717,372808,378748,384568,390311,396052,401506,406634,411702,416656,421437,425994,430276,434274,438048,441725
Kingdom of Bhutan,BTN,不丹,204,558442,567710,545944,520838,521260,527536,537494,546865,557142,570990,587207,603234,619048,634627,649991,663323,673260,681614,689737,697678,705516,713330,721146,728888,736357,743274,749762,756122,762096,767459,772506
Republic of Botswana,BWA,博茨瓦纳,124,1341474,1380584,1420695,1462262,1503544,1543634,1582169,1619354,1655699,1691558,1726985,1761930,1795130,1826863,1859085,1892807,1928704,1966977,2007320,2048997,2091664,2134037,2175425,2217278,2260376,2305172,2352416,2401840,2451408,2499702,2546402
Central African Republic,CAF,中非,95,2809221,2898052,2991728,3089146,3187844,3276706,3363570,3458472,3555064,3655360,3759170,3844772,3930648,4026842,4115138,4208834,4294352,4375569,4467233,4564540,4660067,4732022,4773306,4802428,4798734,4819333,4904178,4996741,5094780,5209324,5343020
Canada,CAN,加拿大,2,27657204,28015761,28347641,28668166,28981189,29289423,29593849,29882752,30144812,30399778,30683312,31002763,31322398,31619450,31911668,32215916,32531867,32862458,33218541,33593917,33963412,34323531,34691878,35063691,35404608,35732126,36113532,36554348,37035254,37522584,37888705
Switzerland,CHE,瑞士,171,6711693,6795393,6873179,6936121,6991538,7038297,7069691,7086998,7108221,7142198,7182059,7224403,7276480,7330729,7381151,7428434,7475010,7541904,7638288,7734405,7822435,7910982,7995738,8088367,8187791,8281732,8372898,8451687,8514434,8575588,8638613
Republic of Chile,CHL,智利,143,13342868,13561946,13782297,13998386,14210674,14416796,14615482,14809289,14996742,15176410,15351798,15523978,15693790,15859112,16017966,16175311,16334574,16495538,16661462,16833447,17004162,17173573,17341771,17509925,17687108,17870124,18083879,18368577,18701450,19039485,19300315
Peoples Republic of China,CHN,中国,246,1180479227,1197682627,1211145666,1223451795,1235137599,1246240739,1256649006,1266419227,1275714611,1284557932,1293456891,1302313371,1310694248,1318816036,1326911338,1335109361,1343423998,1351972318,1360745184,1369807293,1378964186,1387984919,1397611702,1407320842,1416568531,1425242661,1433546766,1442041108,1448928199,1453801542,1456928486
Republic of Cote d’Ivoire,CIV,科特迪瓦,94,11910540,12369269,12838314,13316448,13802285,14299726,14810946,15335454,15858990,16345894,16799670,17245468,17683897,18116451,18544903,18970215,19394057,19817700,20244449,20677762,21120042,21562914,22010712,22469268,22995555,23596741,24213622,24848016,25493988,26147551,26811790
Republic of Cameroon,CMR,喀麦隆,101,11430520,11777720,12128604,12486773,12848862,13211647,13575324,13941181,14314598,14698973,15091594,15493253,15914033,16354326,16809407,17275171,17751333,18251866,18777081,19319274,19878036,20448873,21032684,21632850,22299585,23012646,23711630,24393181,25076747,25782341,26491087
Democratic Republic of Congo,COD,刚果(金),110,35987541,37194812,38332302,39580844,41511985,43285792,44118709,44822198,45895524,47227238,48616317,50106657,51662071,53205639,54815607,56550246,58381630,60289422,62249724,64270232,66391257,68654269,70997870,73460021,76035588,78656904,81430977,84283273,87087355,89906890,92853164
Republic of Congo,COG,刚果（布）,104,2385435,2452674,2520958,2594168,2669220,2742309,2816595,2875037,2937166,3016659,3134030,3254101,3331158,3424653,3543012,3672839,3813323,3956328,4089602,4257230,4437884,4584216,4713257,4828066,4944862,5064386,5186824,5312340,5441062,5570732,5702174
Cook Islands,COK,库克群岛,47,17123,17308,17456,17564,17656,17735,17798,17581,17067,16500,15897,15294,15028,15077,15113,15146,15199,15507,16063,16634,17212,17769,18000,17916,17816,17695,17546,17395,17253,17110,17029
Republic of Colombia,COL,哥伦比亚,145,32601393,33272628,33939039,34614735,35295461,35970101,36632573,37291946,37944414,38585033,39215135,39837875,40454050,41057687,41648268,42220940,42772910,43306582,43815313,44313917,44816108,45308900,45782417,46237930,46677947,47119728,47625955,48351670,49276961,50187406,50930662
Comoros,COM,科摩罗,129,431119,442277,452990,463318,473478,483760,494288,505033,515959,526444,536758,547741,559047,570130,581154,592683,604658,616900,629470,642493,656024,670070,684552,699392,714612,730216,746232,761664,776314,790986,806166
Republic of Cape Verde,CPV,佛得角,84,364563,372722,381947,391749,401655,411382,421007,430654,440214,449627,458251,465958,473231,480089,486583,492828,498884,504732,510336,515638,521212,527521,533864,539940,546076,552166,558394,564954,571202,577030,582640
Republic of Costa Rica,CRI,哥斯达黎加,37,3158253,3239414,3321940,3405372,3489152,3572856,3656234,3739422,3821422,3901430,3979192,4053222,4122623,4188610,4252800,4315887,4378172,4440019,4501921,4563127,4622252,4679926,4736594,4791535,4844288,4895242,4945205,4993842,5040734,5084532,5123105
Republic of Cuba,CUB,古巴,8,10626680,10713812,10783748,10840934,10887206,10926703,10963031,10998129,11033758,11070094,11105791,11139127,11170051,11199217,11225294,11246114,11260630,11269887,11276609,11283185,11290418,11298710,11309290,11321580,11332026,11339894,11342012,11336405,11328244,11316696,11300698
Cayman Islands,CYM,开曼群岛,10,26028,27340,28677,30038,31418,32802,34194,35579,36946,38295,39658,41054,42456,43862,45286,46727,48177,49647,51123,52602,54074,55492,56860,58212,59560,60911,62254,63581,64884,66134,67310
Republic of Cyprus,CYP,塞浦路斯,217,788500,799061,810431,825986,844444,862418,880058,897470,914660,931600,948237,964830,982194,1000350,1018684,1037062,1055438,1073873,1092390,1110974,1129686,1145086,1156556,1166968,1176995,1187280,1197881,1208523,1218831,1228836,1237537
Czech Republic,CZE,捷克,166,10301192,10303362,10310956,10318916,10321302,10311702,10295651,10279044,10263832,10249147,10234710,10230276,10238170,10248038,10260999,10280113,10304815,10337829,10378583,10421510,10464749,10496378,10511064,10514552,10517182,10523798,10527590,10531305,10534593,10536871,10530954
Federal Republic of Germany,DEU,德国,159,79370196,79801988,80205030,80573488,80882126,81123262,81300865,81436087,81524383,81556965,81551677,81514568,81443426,81346810,81266673,81212168,81177816,81183830,81217482,81260615,81325090,81423378,81545565,81680591,81858825,82073226,82331422,82624374,82896696,83148141,83328988
Republic of Djibouti,DJI,吉布提,90,577174,628521,623196,611230,623478,629618,644649,667786,694920,719371,742032,765490,789128,806411,818373,830862,846946,865196,882886,901103,919199,936811,954296,971753,989086,1006259,1023262,1040233,1057198,1073994,1090156
Commonwealth of Dominica,DMA,多米尼克,24,69482,69141,69112,69169,69198,69201,69166,69081,68938,68698,68346,68152,68262,68442,68574,68674,68742,68775,68782,68786,68755,68742,68888,68818,69371,70006,70075,70403,70823,71428,71994
Kingdom of Denmark,DNK,丹麦,157,5144624,5158325,5175469,5193776,5213800,5235196,5256008,5277382,5298992,5319854,5340655,5360748,5378697,5396355,5415586,5436312,5457864,5479722,5502751,5526452,5550848,5576016,5600960,5625384,5650652,5677796,5706857,5737284,5766686,5795878,5825641
Dominican Republic,DOM,多米尼加,14,7129004,7278402,7427340,7576074,7723934,7869753,8012314,8150076,8282126,8411374,8540792,8669040,8795101,8919852,9043127,9164768,9284168,9402206,9522948,9648061,9775755,9903737,10030882,10157051,10282115,10405832,10527592,10647244,10765530,10881882,10999664
Democratic People,DZA,阿尔及利亚,73,25518074,26133905,26748303,27354327,27937006,28478022,28984634,29476031,29924668,30346083,30774621,31200985,31624696,32055884,32510186,32956690,33435080,33983828,34569592,35196037,35856344,36543542,37260562,38000626,38760168,39543154,40339329,41136546,41927007,42705368,43451666
Republic of Ecuador,ECU,厄瓜多尔,136,10449838,10686279,10914222,11132829,11347652,11561682,11775222,11987838,12199694,12412046,12626507,12845521,13070608,13301184,13534592,13770012,14009062,14251836,14496797,14742766,14989586,15237728,15483883,15722990,15957994,16195902,16439585,16696944,17015672,17343740,17588595
Arab Republic of Egypt,EGY,埃及,77,57214630,58611032,59989142,61382200,62775847,64166908,65565195,66993728,68446011,69907887,71371371,72854261,74393759,75963322,77522426,79075310,80629670,82218756,83844782,85501064,87252413,89200054,91240376,93377890,95592324,97723799,99784030,101789386,103740765,105618671,107465134
State of Eritrea,ERI,厄立特里亚,88,2149960,2039220,1921153,1981419,2042500,2157220,2264074,2291561,2322753,2356477,2392880,2461926,2547424,2653390,2763140,2831732,2880093,2926168,3005779,3083888,3147727,3207570,3252596,3296367,3323425,3340006,3365288,3396933,3445374,3498818,3555868
Western Sahara,ESH,西撒哈拉,78,178529,184292,189776,195126,200455,208381,219770,232097,244592,257290,270374,283813,297408,311179,325118,339187,353658,368432,383072,397906,413296,429289,445948,462756,478009,491824,505455,518859,532004,544876,556048
Kingdom of Spain,ESP,西班牙,192,38889889,38997063,39202251,39420546,39623725,39814573,39996473,40180050,40362356,40542232,40741652,40966450,41477655,42230270,42959666,43685374,44422831,45245782,45966538,46367772,46572772,46729232,46756082,46603459,46464551,46431342,46473315,46584170,46792043,47131372,47363807
Estonia,EST,爱沙尼亚,154,1570674,1565627,1540381,1504436,1475727,1452775,1434670,1421490,1411147,1403498,1396877,1387995,1379240,1370660,1362480,1354662,1346709,1340574,1337011,1334552,1331535,1327429,1322682,1317982,1314526,1314657,1315926,1317549,1322148,1327039,1329444
Federal Democratic Republic of Ethiopia,ETH,埃塞俄比亚,85,47878074,49937430,52011554,53791672,55620210,57476536,59347649,61233480,63136493,65077580,67031867,69018932,71073214,73168838,75301026,77469940,79691050,81996185,84357104,86755585,89237791,91817930,94451280,97084366,99746766,102471896,105293228,108197950,111129438,114120594,117190911
Republic of Finland,FIN,芬兰,152,4986545,5013854,5042121,5066605,5088490,5107943,5124718,5139942,5153544,5165491,5176209,5188002,5200596,5212989,5228141,5246071,5266250,5288689,5313350,5338815,5363272,5388166,5413858,5438872,5461440,5479461,5495219,5508140,5515461,5521536,5529468
Republic of Fiji Islands,FJI,斐济,51,780430,784832,786859,789198,790804,792246,796538,804572,813948,823422,832508,841320,849891,858306,866694,874924,883083,890648,896730,901383,905170,908354,911059,913453,915560,917200,918371,919018,918996,918464,920422
France Republic,FRA,法国,164,56412897,56645216,56864048,57053732,57230064,57420354,57623178,57839364,58080344,58352208,58665453,59014772,59372786,59728262,60108438,60510080,60919150,61329376,61721009,62093296,62444567,62775268,63071416,63335180,63588491,63809769,63989318,64144086,64277808,64399759,64480053
Faroe Islands,FRO,法罗群岛,151,47479,46810,46005,45096,44131,43805,44138,44496,44865,45203,45660,46245,46813,47392,47989,48292,48313,48362,48411,48429,48410,48386,48392,48418,48464,48816,49500,50230,50955,51681,52415
Federated States of Micronesia,FSM,密克罗尼西亚联邦,67,98603,100427,102893,106030,108844,110328,110785,111133,111406,111539,111708,111948,111992,111805,111438,110940,110301,109532,108704,107868,107588,107887,108232,108610,109024,109462,109926,110430,110929,111378,112106
Gabonese Republic,GAB,加蓬,106,983028,1009995,1037446,1065390,1093611,1121964,1150601,1179806,1209832,1240764,1272935,1306590,1341696,1378398,1417110,1458353,1502534,1549774,1599978,1653542,1711105,1772500,1836705,1902226,1966855,2028517,2086206,2140215,2192012,2242786,2292573
United Kingdom of Great Britain and Nort,GBR,英国,153,57210442,57359454,57509240,57647462,57785900,57930364,58078586,58250198,58438321,58635202,58850044,59092016,59355690,59649799,59995850,60383741,60803700,61260676,61742151,62243378,62760039,63286362,63808727,64302297,64773504,65224364,65655203,66064804,66432993,66778659,67059474
Georgia,GEO,格鲁吉亚,215,5391636,5322106,5239328,5127511,4997913,4877676,4761272,4640032,4518405,4394500,4265172,4144482,4061128,4017825,3988860,3961182,3933867,3906470,3879698,3855200,3836831,3821662,3804356,3786022,3774235,3771132,3771110,3771900,3772325,3770810,3765912
Republic of Ghana,GHA,加纳,96,15446982,15843472,16241548,16643634,17040854,17438874,17844010,18268040,18714708,19176791,19665502,20195577,20758326,21329514,21906444,22496951,23098586,23708320,24326087,24950762,25574719,26205941,26858762,27525597,28196358,28870939,29554303,30222262,30870641,31522290,32180402
Gibraltar,GIB,直布罗陀,189,27317,26988,26945,27118,27282,27412,27491,27564,27636,27695,27741,27721,27892,28301,28716,29156,29587,29996,30398,30818,31262,31701,32160,32411,32452,32520,32565,32602,32648,32685,32708
Republic of Guinea,GIN,几内亚,91,6354144,6615734,6832195,7046098,7262112,7468347,7683116,7842806,7992545,8174897,8336967,8445717,8577790,8772254,8961039,9140114,9330625,9547082,9779785,10021323,10270728,10527712,10788692,11055430,11333366,11625998,11930985,12240788,12554864,12877538,13205152
Republic of the Gambia,GMB,冈比亚,86,1040616,1083536,1127152,1168309,1205882,1242155,1279070,1317002,1356189,1396499,1437539,1479449,1522223,1566257,1612225,1660368,1711294,1764883,1820542,1878119,1937275,1998212,2061014,2124869,2189019,2253134,2317206,2381182,2444916,2508884,2573995
Republic of Guinea-Bissau,GNB,几内亚比绍,89,973551,993856,1022904,1056761,1089617,1117222,1140604,1162443,1184071,1206474,1230849,1257380,1285678,1315653,1347009,1379713,1414092,1450572,1488431,1527196,1567220,1609017,1652717,1697753,1743309,1788919,1834552,1879826,1924955,1970456,2015828
Republic of Equatorial Guinea,GNQ,赤道几内亚,103,465549,483142,501334,520236,539992,560740,582573,605570,629734,655028,684977,719270,754116,789681,826355,864726,905418,948814,994972,1043686,1094524,1144588,1193636,1243941,1295183,1346973,1398927,1450694,1502092,1553031,1596049
Hellenic Republic,GRC,希腊,188,10302255,10391547,10478388,10563440,10647416,10727927,10803806,10875274,10939475,10993862,11038109,11072182,11096616,11110487,11115090,11113448,11106093,11091492,11073624,11055496,11033783,11004724,10963634,10914506,10862969,10806641,10749742,10692228,10633270,10574024,10512232
Grenada,GRD,格林纳达,34,99047,99758,101040,102173,103174,104060,104846,105548,106200,106824,107432,107936,108231,108740,109516,110254,110988,111725,112478,113250,114039,114918,115912,116945,117972,118980,119966,120920,121838,122724,123663
Greenland,GRL,格陵兰,1,55599,55658,55688,55708,55700,55788,55960,56072,56123,56106,56184,56386,56565,56728,56866,56887,56811,56708,56578,56442,56351,56288,56199,56089,55952,55894,55916,55928,55931,55931,56026
Republic of Guatemala,GTM,危地马拉,23,9084780,9329556,9576630,9831868,10094921,10363090,10632293,10905381,11184032,11463504,11735894,12009194,12289856,12570504,12852436,13132814,13412406,13696606,13979451,14259411,14543121,14833454,15128306,15422662,15713740,16001107,16291004,16578723,16850176,17106338,17362718
French Guiana,GUF,法属圭亚那,135,113932,118507,122927,127499,132260,137183,142232,147372,152649,158117,164351,171398,178730,186207,193694,201259,207869,213304,218517,223524,228453,233632,239243,245370,251371,257026,262813,269353,276646,284072,290969
Guyana,GUY,圭亚那,133,747116,744096,744998,747189,749546,751689,753570,755211,756696,758014,759051,759810,760324,760562,760424,759709,758367,756521,754150,751258,747932,744230,743966,747420,751115,755031,759087,763252,785514,798753,797202
Republic of Honduras,HND,洪都拉斯,29,5053234,5196888,5344774,5496840,5652934,5812832,5976550,6144112,6308537,6477365,6656725,6837862,7019908,7201880,7383406,7564613,7745200,7924462,8101777,8277302,8450932,8622504,8792366,8960657,9127846,9294506,9460798,9626842,9792850,9958829,10121763
Republic of Croatia,HRV,克罗地亚,178,4873706,4844522,4798321,4792402,4819426,4807100,4758628,4711373,4659932,4605329,4548434,4506759,4482868,4461138,4443350,4429682,4417560,4405532,4393664,4382130,4368682,4351842,4331594,4308854,4283972,4254815,4223751,4192467,4160485,4129752,4096870
Republic of Haiti,HTI,海地,11,6925330,7066055,7205780,7345940,7486090,7627316,7770594,7915172,8060896,8208941,8360224,8511728,8661546,8812245,8961490,9111900,9266288,9420826,9575248,9730638,9842880,9954312,10108539,10261206,10412740,10563757,10713848,10863544,11012421,11160438,11306802
Republic of Hungary,HUN,匈牙利,170,10375990,10374747,10370060,10357420,10342434,10327170,10308268,10286220,10260966,10230256,10202055,10177955,10148402,10118062,10094492,10073526,10057062,10041172,10023510,10008580,9986825,9953244,9922127,9894640,9867901,9844246,9815104,9788941,9776358,9771796,9750572
Republic of Indonesia,IDN,印度尼西亚,237,182159874,185361228,188558416,191737287,194928533,198140162,201373790,204628007,207855486,210996910,214072422,217112437,220115092,223080121,225938594,228805144,231797427,234858289,237936544,240981299,244016173,247099697,250222695,253275918,256229762,259091970,261850182,264498852,267066843,269582878,271857970
Republic of Indonesia,IND,印度,236,870452165,888941756,907574049,926351297,945261958,964279129,983281218,1002335230,1021434576,1040500054,1059633675,1078970907,1098313038,1117415124,1136264583,1154638713,1172373788,1189691810,1206734806,1223640160,1240613620,1257621191,1274487214,1291132063,1307246509,1322866505,1338636340,1354195680,1369003306,1383112050,1396387127
Ireland,IRL,爱尔兰,162,3485374,3504805,3528367,3545700,3559398,3579482,3606728,3640150,3678667,3719912,3768950,3829018,3894258,3958705,4031954,4121216,4234806,4359834,4452392,4499792,4524585,4544501,4564550,4588832,4622167,4665760,4715788,4771854,4834507,4896019,4946119
Islamic Republic of Iran,IRN,伊朗,218,55793629,57990883,59372016,59755430,59985748,60794809,61598378,62480532,63461421,64474744,65544383,66674851,67327117,67954699,69061674,70182594,71275760,72319418,73318394,74322685,75373855,76342971,77324451,78458928,79961672,81790841,83306231,84505076,85617562,86564202,87290193
Republic of Iraq,IRQ,伊拉克,201,17658381,17846378,18385673,19295818,20248073,20948858,21639332,22330770,23053488,23820734,24628858,25425663,26255343,27068823,27858948,28698684,28905607,28660887,29218381,30289040,31264875,32378061,33864447,35481800,36746488,37757812,38697943,39621162,40590700,41563520,42556984
Republic of Iceland,ISL,冰岛,149,255019,257991,261262,263932,266224,267681,269136,271356,274285,277626,281462,285238,287798,289801,292360,297028,304070,311853,317715,318800,318333,319293,320979,324024,327644,331060,335675,343632,352946,360774,366669
State of Israel,ISR,以色列,216,4803254,4942812,5079388,5212998,5346292,5478734,5612494,5743283,5869504,5994088,6116958,6237982,6356692,6475914,6595986,6714124,6832077,6952003,7074522,7199702,7328445,7459749,7592106,7726676,7863846,8007778,8159009,8309257,8456483,8607920,8757490
Italian Republic,ITA,意大利,181,56756561,56794489,56833186,56869454,56883819,56885126,56898973,56925800,56938738,56945068,56966398,56994992,57107577,57425175,57860661,58199876,58429903,58778482,59224228,59562841,59822450,60025952,60190146,60312599,60322792,60232906,60118626,60004032,59877425,59727932,59500579
Jamaica,JAM,牙买加,17,2392030,2411867,2434574,2459062,2484182,2509372,2532894,2554954,2576567,2596270,2612205,2625405,2638244,2651027,2664024,2676863,2689660,2701221,2711373,2722402,2733896,2746170,2759817,2773129,2784543,2794444,2802695,2808376,2811835,2813773,2820436
Hashemite Kingdom of Jordan,JOR,约旦,212,3480587,3666379,3866887,4075759,4278166,4458195,4608676,4733665,4844403,4950775,5056174,5163310,5275532,5396116,5532423,5678534,6075548,6473456,6632873,6780492,6931258,7109980,7211863,7694814,8658026,9494246,9964656,10215382,10459866,10698683,10928721
Japan,JPN,日本,232,123686321,124073993,124444693,124779576,125119269,125433969,125726223,126027985,126308390,126555063,126803861,127065731,127301750,127502352,127671288,127798373,127902167,128006426,128077633,128117042,128105431,128007257,127853688,127678924,127476735,127250933,126993858,126662472,126255866,125791676,125244761
Republic of Kazakhstan,KAZ,哈萨克斯坦,224,16866563,16993792,17043417,16979697,16747151,16434324,16144248,15820432,15474254,15256255,15236252,15281285,15338963,15416712,15521922,15656248,15822748,16006136,16196517,16402369,16627837,16864917,17102864,17345732,17592298,17835909,18078553,18314814,18538099,18754258,18979243
Republic of Kenya,KEN,肯尼亚,109,23162269,23918235,24655723,25391830,26133744,26878347,27615736,28364264,29137373,29965129,30851606,31800343,32779823,33767122,34791836,35843010,36925254,38036794,39186895,40364444,41517896,42635144,43725806,44792368,45831864,46851488,47894670,48948137,49953304,50951450,51985780
Kyrgyz　Republic,KGZ,吉尔吉斯斯坦,196,4394734,4456094,4501260,4507634,4530894,4596456,4666585,4738386,4810412,4878911,4935182,4981444,5026642,5078276,5137040,5193114,5246785,5294766,5345415,5414085,5483774,5552336,5631950,5719560,5814417,5914980,6018299,6121260,6223494,6323643,6424874
Kingdom of Cambodia,KHM,柬埔寨,226,8910808,9259362,9718215,10243550,10636353,10919528,11182612,11431569,11669077,11899006,12118841,12338192,12561778,12787710,13016371,13246583,13477779,13714791,13943888,14155740,14363532,14573884,14786640,14999683,15210817,15417523,15624584,15830688,16025238,16207746,16396860
Republic of Kiribati,KIR,基里巴斯,42,75124,76612,77902,79092,80264,81481,82832,84308,85804,87289,88826,90531,92400,94302,96224,98164,100083,101998,103966,105996,107995,109871,111618,113311,114985,116707,118513,120362,122262,124241,126464
Federation of Saint Kitts and Nevis,KNA,圣基茨和尼维斯,18,40636,40542,40900,41446,42001,42550,43097,43656,44230,44825,45461,45986,46264,46431,46580,46725,46874,47015,47156,47286,47403,47581,47727,47766,47789,47790,47788,47786,47761,47712,47642
Republic of Korea,KOR,韩国,233,44120039,44487412,44703709,44932862,45165780,45393418,45660168,45962393,46250259,46520444,46788591,47064790,47320668,47539738,47727285,47889573,48049347,48220601,48398626,48588019,48813042,49169878,49634185,50098229,50558043,50994401,51309984,51511638,51676900,51803830,51844690
State of Kuwait,KWT,科威特,202,1674938,1339500,1620633,1653645,1641106,1655222,1703318,1761468,1819544,1877427,1934901,1991674,2047364,2101506,2153480,2235403,2363409,2506769,2650930,2795550,2943356,3143825,3394663,3646518,3761584,3908743,4048085,4124904,4317185,4441100,4360444
Lao People,LAO,老挝,205,4314442,4437224,4561106,4685296,4807950,4927432,5043914,5150538,5246922,5340056,5430853,5519707,5606101,5689065,5768167,5852970,5946593,6041348,6135862,6229930,6323418,6416326,6508804,6600742,6691454,6787419,6891362,6997917,7105006,7212053,7319399
Lebanese Republic,LBN,黎巴嫩,199,3593700,3666734,3745406,3818796,3888144,3959640,4034243,4107550,4178784,4250020,4320642,4389200,4446666,4504808,4574798,4643044,4719864,4809608,4887613,4951134,4995800,5045056,5178337,5678852,6274342,6398940,6258620,6109252,5950839,5781906,5662924
Republic of Liberia,LBR,利比里亚,100,2209730,1939236,2052626,2132770,2125198,2142422,2203966,2383300,2639224,2789743,2895224,2981648,3060599,3085173,3122446,3266318,3455397,3632740,3783887,3905066,4019956,4181150,4331740,4427312,4519398,4612329,4706098,4796631,4889391,4985289,5087584
Great Socialist People,LBY,利比亚,75,4236983,4341971,4444820,4544970,4641296,4733063,4820066,4902346,4980962,5057998,5154790,5275916,5405326,5542641,5687562,5837986,5973370,6097178,6228370,6360191,6491988,6188132,5869870,5985221,6097764,6192235,6282196,6378261,6477793,6569088,6653942
Saint Lucia,LCA,圣卢西亚,27,142301,144268,146420,148595,150561,152348,153969,155454,156855,158256,159500,160594,161799,163047,164239,165386,166470,167518,168576,169688,170935,172146,173124,173978,174804,175623,176414,177164,177888,178583,179237
Principality of Liechtenstein,LIE,列支敦士登,172,28765,29168,29581,30012,30446,30890,31337,31770,32190,32615,33026,33376,33693,34000,34300,34603,34889,35150,35400,35675,35926,36189,36504,36806,37096,37355,37609,37888,38181,38482,38756
Democratic Socialist Republic of Sri Lan,LKA,斯里兰卡,227,17204094,17416596,17624457,17825611,18011744,18177572,18322506,18449123,18560798,18670411,18776371,18920275,19110707,19303180,19490431,19673866,19870706,20078655,20285643,20482477,20668557,20859743,21017147,21131756,21239457,21336697,21425494,21506812,21580710,21649664,21715079
Kingdom of Lesotho,LSO,莱索托,126,1798997,1829509,1858507,1885478,1910642,1934079,1955098,1972579,1985639,1994243,1998630,1999473,1997534,1993030,1985384,1977424,1976780,1983465,1995014,2009169,2022747,2037677,2054718,2073939,2095242,2118520,2143872,2170617,2198017,2225702,2254100
Republic of Lithuania,LTU,立陶宛,156,3785847,3793425,3795742,3788528,3770456,3747268,3722022,3694896,3665510,3633944,3599636,3560142,3515799,3469675,3422591,3373533,3322932,3272418,3224378,3180479,3139019,3099798,3063341,3028190,2994927,2963765,2933674,2904450,2876128,2849083,2820267
Grand Duchy of Luxembourg,LUX,卢森堡,165,381266,386398,391516,396698,402044,407635,413202,418412,423574,429348,435628,441250,445913,451352,457788,464860,472404,479868,488635,497868,507070,518206,530585,543066,556069,569408,583351,596282,607913,619973,630400
Republic of Latvia,LVA,拉脱维亚,155,2689391,2678964,2662884,2638888,2606454,2570151,2534288,2498879,2462337,2426350,2392530,2359250,2326144,2294342,2263443,2233156,2203913,2176053,2150412,2126265,2101530,2076974,2053636,2031486,2011039,1991955,1973476,1954862,1935630,1916555,1897052
"Guadeloupe,GLP",MAF,瓜德罗普,22,28127,28736,29035,29247,29380,29435,29407,29299,29102,29099,29610,30387,31160,31929,32696,33452,34183,34887,35542,36132,36458,36350,36026,35639,35260,35020,34811,34496,33852,33121,32553
Kingdom of Morocco,MAR,摩洛哥,76,24570814,24988083,25400676,25806777,26201551,26599048,26999093,27397118,27791825,28176997,28554415,28930097,29301817,29661270,30033125,30431902,30833022,31232633,31634992,32042877,32464865,32903699,33352169,33803527,34248603,34680458,35107264,35528115,35927511,36304408,36688772
Principality of Monaco,MCO,摩纳哥,180,30329,30564,30794,31024,31253,31482,31719,31968,32209,32394,32465,32444,32386,32316,32236,32141,32011,31823,31862,32401,33178,33945,34700,35426,36110,36760,37071,37044,37029,37034,36922
Republic of Moldova,MDA,摩尔多瓦,168,4480199,4490928,4494902,4493689,4482508,4461232,4430195,4393790,4353534,4303938,4251573,4200501,4147642,4093982,4046996,4001382,3942748,3876843,3812422,3749492,3678186,3595126,3507191,3416530,3338336,3277388,3225123,3180506,3141837,3109491,3084847
Republic of Madagascar,MDG,马达加斯加,118,11882762,12245260,12623342,13020100,13436122,13869138,14317454,14778902,15250934,15730884,16216431,16709665,17211934,17724310,18250774,18792171,19350299,19924958,20513599,21117092,21731053,22348158,22966240,23588073,24215976,24850912,25501941,26169542,26846541,27533134,28225177
Republic of Maldives,MDV,马尔代夫,206,224957,232150,239136,245845,252201,258208,263842,269040,273796,278111,282507,287324,292284,297226,302134,307018,314401,325126,336883,349037,361574,374440,387539,400728,416738,435582,454252,472442,489758,504508,514438
United States of Mexico,MEX,墨西哥,9,81720428,83351595,84993164,86648447,88314424,89969572,91586555,93183094,94767284,96334810,97873442,99394288,100917081,102429341,103945813,105442402,106886790,108302973,109684489,111049428,112532401,114150481,115755909,117290686,118755887,120149897,121519222,122839258,124013862,125085311,125998302
Republic of the Marshall Islands,MHL,马绍尔群岛,40,46048,47054,48015,48944,49840,50702,51538,52358,53164,53834,54224,54413,54496,54493,54435,54336,54208,54038,53816,53593,53416,52972,52202,51352,50419,49410,48329,47187,45989,44728,43414
The former Yugoslav Republic of Macedoni,MKD,前南马其顿,184,2044174,2036686,2018023,1996893,1982458,1983964,1994226,2004234,2012844,2023778,2037936,2053384,2064737,2071142,2075874,2078662,2081076,2083488,2086227,2089788,2093828,2097099,2099478,2102215,2105291,2107962,2110196,2111979,2113491,2114176,2111072
Republic of Mali,MLI,马里,79,8945026,9123969,9310572,9506510,9711796,9921094,10131906,10359302,10620474,10916993,11239101,11583824,11952660,12342165,12751994,13180551,13623542,14080912,14551116,15032635,15529180,16039734,16514687,17004033,17551814,18112907,18700106,19311355,19934298,20567424,21224040
Republic of Malta,MLT,马耳他,190,365392,368670,371880,375241,378563,381848,385269,388838,392482,395982,399212,402152,404699,406919,408798,410208,411198,412081,413402,415500,418755,423571,429907,437525,446441,456579,467705,479497,491586,503634,515358
Union of Myanmar,MMR,缅甸,231,40099553,40680533,41237813,41788302,42337110,42880186,43423369,43972046,44516185,45041636,45538332,46014826,46480230,46924293,47338446,47724472,48088274,48445647,48729486,49015836,49390988,49794522,50218185,50648334,51072436,51483949,51892348,52288341,52666014,53040212,53423198
Mongolia,MNG,蒙古,210,2161433,2200076,2236494,2270311,2301510,2330334,2357033,2381771,2405148,2428488,2450980,2472601,2494617,2516454,2537949,2559255,2581242,2605643,2633887,2666712,2702520,2743938,2792349,2845154,2902823,2964749,3029555,3096030,3163991,3232430,3294335
Commonwealth of the Northern Mariana Isl,MNP,北马里亚纳,59,48002,48302,48128,47948,47780,48717,53367,60817,68500,76237,80338,79479,77162,74622,71898,69025,66060,63050,60032,57056,54087,52520,52359,52141,51856,51514,51133,50729,50304,49858,49586
Republic of Mozambique,MOZ,莫桑比克,119,13303458,13561176,13816882,14206254,14912874,15594830,16079554,16521724,16923195,17337893,17768505,18220716,18694946,19186754,19694411,20211114,20735982,21280513,21845571,22436660,23073723,23760421,24487611,25251731,26038704,26843246,27696493,28569441,29423878,30285595,31178239
Islamic Republic of Mauritania,MRT,毛里塔尼亚,80,2006027,2066302,2147527,2237064,2315192,2380342,2428816,2484278,2550501,2620612,2695003,2761823,2821703,2883326,2946576,3012360,3081230,3153508,3233336,3322616,3419461,3524249,3636114,3742959,3843174,3946220,4051890,4160014,4270712,4383848,4498604
Montserrat,MSR,蒙特塞拉特,20,10805,10569,10108,9547,8959,8342,7715,7069,6409,5767,5138,4704,4601,4627,4656,4693,4731,4770,4814,4871,4938,4961,4975,5010,5051,5059,5085,4698,4359,4505,4500
Martinique,MTQ,马提尼克,25,374271,380962,388246,395557,402788,409942,417045,424138,430299,433421,432544,429317,425458,419139,410135,400370,395551,395820,395474,394214,392181,389618,386986,384726,384390,383515,380345,377452,374841,372244,370391
Republic of Mauritius,MUS,毛里求斯,120,1090290,1104259,1118714,1133252,1147161,1160207,1172542,1184257,1194880,1205413,1215930,1225272,1233972,1242340,1250380,1258048,1264767,1270584,1275684,1279868,1283330,1286236,1288745,1290691,1292113,1293153,1293911,1294741,1295381,1296279,1297828
Republic of Malawi,MWI,马拉维,115,9539665,9831584,10115420,10257233,10131799,10112816,10310528,10512678,10732456,10973956,11229387,11498818,11784498,12087965,12411342,12755648,13118306,13495463,13889422,14298932,14718422,15146094,15581250,16024776,16477966,16938942,17405624,17881167,18367883,18867337,19377061
Malaysia,MYS,马来西亚,235,17517054,18017464,18526708,19050077,19588703,20136888,20689051,21249178,21810542,22368655,22945150,23542517,24142445,24739411,25333247,25923536,26509413,27092604,27664296,28217204,28717731,29184133,29660212,30134807,30606459,31068833,31526418,31975806,32399271,32804020,33199993
Republic of Namibia,NAM,纳米比亚,123,1369011,1415617,1461687,1509834,1558449,1605370,1650066,1693242,1735953,1778277,1819141,1856402,1888525,1915425,1939406,1962865,1986558,2011492,2038552,2067920,2099270,2132340,2167470,2204510,2243001,2282704,2323352,2364534,2405680,2446644,2489098
New Caledonia,NCL,新喀里多尼亚,54,177264,181720,186262,190782,195264,199701,204086,208421,212756,217118,221537,225987,230399,234685,238649,242141,245635,249367,253077,256976,261426,266304,271302,276394,280798,283032,283748,284348,284880,285374,286403
Republic of Niger,NER,尼日尔,81,8370648,8634640,8907644,9193078,9493324,9813918,10149937,10494201,10854920,11231470,11622665,12031430,12456518,12900790,13366884,13855222,14365168,14897873,15455176,16037915,16647543,17283112,17954407,18653199,19372014,20128124,20921743,21737922,22577058,23443393,24333639
Federal Republic of Nigeria,NGA,尼日利亚,93,95214257,97685360,100182045,102775464,105456121,108187610,110956183,113791181,116690527,119695565,122851984,126152678,129583026,133119801,136756848,140490722,144329764,148294028,152382506,156595758,160952854,165463745,170075932,174726123,179379016,183995784,188666931,193495907,198387623,203304492,208327404
Republic of Nicaragua,NIC,尼加拉瓜,26,4227820,4327290,4427172,4526688,4625260,4721929,4812392,4895962,4974552,5049878,5123222,5192764,5259006,5323062,5386223,5454678,5529812,5607453,5687744,5770638,5855734,5942553,6030607,6119379,6208676,6298598,6389235,6480532,6572232,6663924,6755895
Kingdom of the Netherlands,NLD,荷兰,160,14944548,15046584,15150685,15251086,15349478,15446668,15538616,15629905,15722594,15812487,15899135,15981636,16057040,16127579,16196036,16261831,16325677,16391232,16460770,16536208,16617117,16701472,16785299,16867352,16954081,17041107,17124505,17207198,17286042,17363262,17434557
Kingdom of Norway,NOR,挪威,150,4241636,4261886,4286557,4312136,4336740,4359333,4381510,4405334,4431676,4462142,4491202,4514017,4538438,4565167,4592277,4623689,4661087,4709576,4768654,4829200,4889741,4953561,5019056,5080668,5137924,5190356,5236590,5277392,5312320,5348278,5379839
Kingdom of Nepal,NPL,尼泊尔,203,19616530,20130779,20702133,21267359,21794751,22305571,22783969,23249417,23703328,24143157,24559500,24956071,25332178,25682908,26003965,26285110,26518971,26713655,26881544,27026941,27161567,27266399,27330694,27381555,27462106,27610325,27861186,28183426,28506712,28832496,29348627
Republic of Nauru,NRU,瑙鲁,44,9598,9902,10129,10226,10274,10316,10345,10363,10376,10383,10376,10363,10351,10344,10334,10318,10294,10267,10243,10233,10241,10283,10444,10694,10940,11185,11437,11682,11924,12132,12315
New Zealand,NZL,新西兰,71,3397388,3481599,3532562,3573742,3620890,3673893,3728458,3775852,3810044,3833494,3855266,3889578,3948584,4019941,4081408,4132781,4179978,4221494,4260239,4302886,4346338,4381269,4410284,4450644,4514195,4590590,4668081,4746252,4838526,4959034,5061134
Sultanate of Oman,OMN,阿曼,239,1804524,1895187,1985227,2071868,2133675,2172672,2209958,2245588,2279727,2312600,2344253,2374654,2403658,2431600,2468855,2515192,2560650,2605700,2651028,2697537,2881914,3206870,3535578,3816680,4009268,4191776,4398070,4541854,4601156,4602768,4543398
Islamic Republic of Pakistan,PAK,巴基斯坦,219,115414069,119203569,122375180,125546615,129245138,133117476,137234810,141330267,145476106,149694462,154369924,159217727,163262808,166876680,170648620,174372098,178069984,181924521,185931955,190123222,194454498,198602738,202205861,205337562,208251628,210969298,213524840,216379655,219731479,223293280,227196741
Republic of Panama,PAN,巴拿马,39,2449968,2502044,2554382,2607500,2661384,2716067,2771606,2827992,2885176,2943120,3001731,3061024,3120990,3181608,3243311,3305868,3368574,3431614,3495276,3559343,3623617,3688674,3754862,3821556,3888792,3957098,4026336,4096063,4165254,4232532,4294396
Republic of Peru,PER,秘鲁,139,22109098,22583006,23047248,23513882,23983258,24449055,24907304,25365386,25818226,26252239,26654439,27014909,27334503,27623341,27893911,28147267,28381078,28600387,28806185,29009326,29229572,29477721,29749589,30038809,30353951,30711863,31132779,31605486,32203944,32824861,33304756
Republic of Philippines,PHL,菲律宾,238,61558898,63039751,64543525,66083320,67650283,69250468,70944969,72718837,74491918,76249064,77958223,79626086,81285572,82942837,84607501,86261250,87901835,89561377,91252326,92946951,94636700,96337913,98032317,99700108,101325201,103031365,104875266,106738502,108568836,110380804,112190977
Republic of Palau,PLW,帕劳,41,15294,15640,16004,16380,16770,17209,17732,18298,18852,19380,19726,19828,19851,19880,19907,19831,19619,19366,19102,18826,18540,18240,17946,17805,17796,17794,17816,17837,17864,17916,17972
Independent State of Papua New Guinea,PNG,巴布亚新几内亚,46,3864972,3990996,4136644,4291588,4451694,4616438,4785894,4960439,5138829,5321388,5508298,5698489,5892596,6090980,6293166,6498818,6708218,6921066,7137988,7358890,7583269,7806637,8026545,8245627,8464153,8682174,8899170,9114796,9329227,9542486,9749640
Republic of Poland,POL,波兰,161,38064255,38167382,38252276,38319296,38375459,38401978,38401408,38396130,38379990,38354956,38504431,38662862,38647476,38621531,38596042,38575911,38547180,38521874,38522882,38555284,38597353,38620847,38625874,38607352,38581872,38553146,38532113,38532812,38521456,38493601,38428366
Puerto Rico,PRI,波多黎各,12,3543776,3578450,3612629,3645017,3675749,3704946,3732811,3759518,3785238,3810115,3827108,3832131,3830773,3825628,3817037,3805559,3791559,3775440,3757619,3738940,3717922,3691614,3657988,3615018,3560010,3497335,3432740,3366408,3319269,3292886,3271564
Democratic People,PRK,朝鲜,243,20799523,21115534,21439991,21773017,22105225,22385536,22614347,22827373,23023636,23204498,23367059,23512522,23638411,23781707,23948930,24100982,24235761,24356506,24469047,24581509,24686435,24783789,24887770,25001819,25126131,25258015,25389611,25516321,25638149,25755441,25867467
Portuguess Republic,PRT,葡萄牙,191,10007346,9986415,9978744,9992103,10018104,10051248,10087645,10130549,10179415,10233369,10300626,10371819,10430914,10473344,10501522,10523314,10543946,10565551,10580960,10591343,10588401,10564826,10522086,10464535,10408372,10365436,10332753,10307530,10289835,10289923,10298192
Republic of Paraguay,PRY,巴拉圭,140,4059194,4167996,4277051,4386202,4495301,4603917,4711656,4818289,4923450,5026031,5123819,5211541,5286512,5353254,5416324,5476878,5534675,5590144,5645148,5702574,5768612,5843938,5923322,6005652,6090721,6177950,6266616,6355404,6443328,6530026,6618695
French Polynesia,PYF,法属玻利尼西亚,64,211089,215444,219621,223714,227682,231446,235189,239036,242882,246821,250927,255049,259138,263172,267132,271060,274901,278178,280558,282283,283788,285265,286584,288032,289873,291787,293542,295450,297606,299717,301920
State of Qatar,QAT,卡塔尔,214,441675,456486,471293,486040,500682,515133,529266,550591,580997,613302,645937,678831,713186,748526,777944,848710,1015060,1231893,1444277,1610274,1713504,1804171,1905660,2035501,2214464,2414573,2595166,2711754,2766732,2807235,2760385
Reunion,REU,留尼汪,122,658992,672556,686472,700082,713166,725978,738568,751348,763870,775078,785424,795498,805244,814992,824520,833656,845366,860597,873979,883111,890130,896634,902144,906890,914790,922494,926628,932739,941186,949420,957822
"Romania,ROM",ROU,罗马尼亚,174,22836234,22842482,22800963,22721656,22632776,22533134,22417869,22289535,22161242,22039007,21919876,21797590,21653532,21481320,21289286,21092264,20909402,20744230,20597508,20466318,20335211,20220285,20137118,20066546,19995836,19906079,19797820,19698853,19606783,19524211,19442038
Russian Federation,RUS,俄罗斯联邦,147,148005704,148455402,148725600,148897270,148829113,148557452,148233411,147939972,147672728,147336388,146844839,146235530,145590136,144946722,144353636,143800050,143338669,143117693,143086549,143163643,143242599,143364543,143629362,143956866,144285070,144668389,145109157,145452536,145652293,145742286,145617328
Republic of Rwanda,RWA,卢旺达,108,7319962,7485681,7657208,7904740,6732665,5686897,6715510,7666732,7914645,8009587,8109989,8223941,8372306,8567992,8791853,9026299,9270066,9523168,9781996,10043737,10309031,10576932,10840334,11101350,11368452,11642959,11930900,12230339,12531808,12835028,13146362
Kingdom of Saudi Arabia,SAU,沙特阿拉伯,230,16004762,16654276,17281350,17846461,18367528,18888857,19410280,19938377,20472580,21009660,21547390,22085929,22623415,23150847,23661808,24397644,25382870,26400068,27437353,28483797,29411929,30150945,30821543,31482498,32125564,32749848,33416270,34193122,35018133,35827362,35997106
Republic of the Sudan,SDN,苏丹,82,25841703,26320896,26737028,27181423,27846494,28592644,29297152,30043782,30728580,31484307,32413213,33341684,34256418,35181344,36148668,37203231,38362485,39608985,40889129,42177381,43454353,44662674,45861396,47096735,48216528,49365477,50443274,51338054,52394389,53679759,55046713
Republic of Senegal,SEN,塞内加尔,83,7536000,7754290,7974514,8196552,8416998,8632680,8843422,9051538,9261526,9478564,9704286,9938027,10180950,10434504,10698691,10974057,11263386,11563869,11872929,12195028,12530122,12875880,13231833,13595566,13970308,14356180,14751356,15157793,15574909,16000781,16436120
Republic of Singapore,SGP,新加坡,223,3022209,3120620,3228231,3334131,3438614,3543875,3651903,3760650,3866292,3966481,4053602,4121337,4176794,4226414,4270402,4344638,4486583,4663256,4838402,5010704,5163590,5281344,5381004,5478054,5570502,5650018,5711933,5764487,5814536,5866405,5909870
Saubt Helena,SHN,圣赫勒拿,128,6608,6568,6518,6463,6402,6344,6286,6224,6160,6093,6024,5944,5851,5746,5638,5532,5426,5312,5260,5285,5321,5356,5389,5422,5456,5497,5510,5495,5472,5447,5420
Solomon Islands,SLB,所罗门群岛,45,324170,333952,343916,354086,364504,375189,386069,397050,408145,419229,429978,440395,450760,461216,471785,482486,493430,504619,516001,527834,540394,553721,567763,582365,597376,612660,628102,643634,659249,674993,691190
Republic of Sierra Leone,SLE,塞拉利昂,97,4325388,4378170,4301566,4295689,4314952,4324149,4347370,4405028,4449975,4475145,4584067,4857096,5140112,5350907,5533329,5683334,5809774,5939164,6090860,6259842,6436698,6612384,6788587,6964858,7140688,7314773,7493913,7677566,7861281,8046828,8233970
Republic of El Salvador,SLV,萨尔瓦多,28,5367179,5461070,5552206,5630987,5693038,5748196,5797140,5842638,5885083,5923852,5958482,5988095,6011275,6026848,6035656,6037817,6034436,6044131,6068099,6091188,6114034,6137348,6161289,6185642,6209526,6231066,6250510,6266654,6276342,6280217,6292731
Republic of San Marino,SMR,圣马力诺,179,23132,23459,23808,24182,24535,24886,25235,25596,25997,26404,26823,27336,27969,28601,29093,29508,29959,30372,30700,31060,31608,32496,33132,33285,33389,33570,33834,34056,34156,34178,34007
Somalia Republic,SOM,索马里,107,6999096,6732702,6428142,6620729,6959828,7210930,7472450,7734313,8056862,8384479,8721465,9070747,9411103,9758280,10117354,10467292,10784973,11118092,11444870,11730037,12026650,12216838,12440326,12852485,13309235,13763906,14292847,14864221,15411094,15981300,16537016
"Republic of Serbia,SEB",SRB,塞尔维亚,175,7987528,7964456,7943502,7957071,7969951,7982462,7993446,7997525,7985506,7959744,7935022,7917794,7904268,7887463,7863394,7830944,7794792,7758174,7722794,7688034,7653748,7620918,7591350,7566676,7543960,7519496,7493288,7464880,7433818,7401056,7358004
Democratic Republic of Sao Tome and Prin,STP,圣多美和普林西比,105,120343,123084,125648,128182,130666,133077,135412,137656,139790,141808,143714,146258,149841,153762,157697,161680,165725,169845,174004,178128,182138,186044,189924,193757,197497,201124,204632,208036,211344,214599,218641
Republic of Suriname,SUR,苏里南,134,412756,415981,419521,422375,426548,434490,443834,452886,461749,470458,478998,487394,495666,503780,510572,516220,522022,527946,533938,539987,546080,552146,558110,563947,569682,575475,581453,587560,593714,600301,607065
Slovakia Republic,SVK,斯洛伐克,167,5261305,5280226,5301892,5321859,5338811,5349996,5358289,5365829,5371080,5374620,5376690,5376456,5375206,5374376,5374931,5376242,5377236,5378382,5381636,5388926,5396424,5402680,5409283,5414739,5419569,5424444,5431203,5439416,5446746,5453924,5456681
Republic of Slovenia,SVN,斯洛文尼亚,173,1986024,1989797,1991340,1991685,1991449,1991106,1990667,1989828,1988279,1986261,1984339,1982487,1983767,1989411,1996722,2004778,2013570,2023229,2034033,2045578,2057288,2065453,2069354,2072374,2074917,2080862,2090020,2098392,2105924,2112902,2117641
Kingdom of Sweden,SWE,瑞典,148,8548406,8594170,8640272,8683404,8723460,8758496,8785494,8807869,8828633,8848876,8871044,8896748,8926012,8961506,9004262,9051738,9104720,9164272,9229270,9301413,9381730,9467388,9555987,9648932,9747508,9849348,9953317,10058190,10162298,10267922,10368970
Kingdom of Swaziland,SWZ,斯威士兰,125,854011,889712,925165,953451,953737,953573,973588,990734,1005158,1018370,1030496,1041396,1050809,1058797,1065764,1071886,1077735,1084008,1089870,1094886,1099920,1105371,1111444,1118319,1125865,1133936,1142524,1151390,1160428,1169613,1180655
Netherlands Antilles,SXM,荷属安的列斯,35,27844,29820,31344,31823,31735,31596,31410,31195,30957,30718,30490,30401,30574,30877,31184,31494,31812,32136,32456,32763,33034,33309,35139,37696,39100,40205,41346,41882,42246,42980,43621
Republic of Seychelles,SYC,塞舌尔,114,71057,71754,72417,73040,73846,74735,75550,76531,77664,78833,80060,81262,82433,83592,84714,85883,87093,88324,89644,91030,92408,93827,95309,96714,98001,99240,100508,101810,103101,104372,105530
Syrian Arab Republic,SYR,叙利亚,198,12408996,12782280,13156406,13537060,13922626,14313450,14708879,15103996,15500542,15901202,16307654,16727948,17164021,17611356,18084007,18583557,19432009,20703005,21474059,21827220,22337562,22730733,22605577,21495821,20072232,19205178,18964252,18983373,19333463,20098251,20772595
Turks and Caicos Islands,TCA,特克斯和凯科斯群岛,7,11709,12328,13014,13704,14402,15101,15806,16516,17240,17984,18744,19578,20598,21740,22869,23995,25128,26268,27422,28581,29726,30816,32080,33594,34985,36538,38246,39844,41487,43080,44276
Republic of Chad,TCD,乍得,92,5827069,6042428,6302926,6448280,6592998,6888856,7200290,7450874,7709115,7981889,8259137,8538804,8838368,9196366,9613503,10005012,10365614,10722731,11098664,11496128,11894727,12317730,12754906,13216766,13697126,14140274,14592585,15085884,15604210,16126866,16644701
Republic of Togo,TGO,多哥,99,3875947,3990215,4106219,4078392,4092612,4279566,4445884,4592550,4728297,4867942,5008036,5145426,5281538,5421000,5565218,5711598,5874240,6047536,6222482,6398624,6571855,6748672,6926634,7106229,7288383,7473228,7661354,7852795,8046679,8243094,8442580
Kingdom of Thailand,THA,泰国,240,55228410,56099865,56939020,57776082,58610010,59424834,60211096,60989108,61745217,62442652,63066602,63649892,64222580,64776956,65311166,65821360,66319525,66826754,67328239,67813654,68270489,68712846,69157023,69578602,69960943,70294397,70607037,70898202,71127802,71307763,71475664
Republic of Tajikistan,TJK,塔吉克斯坦,229,5417860,5556306,5656208,5717806,5803992,5916173,6035600,6117068,6156804,6189565,6272998,6408810,6541754,6672492,6801204,6929144,7057417,7188391,7324627,7468596,7621779,7784819,7956382,8136610,8326348,8524062,8725318,8925525,9128132,9337003,9543207
Turkmenistan,TKM,土库曼斯坦,194,3720278,3821782,3926369,4031698,4133036,4226623,4301093,4363672,4431518,4501080,4569132,4635094,4698968,4758988,4819792,4885775,4954029,5024894,5100083,5180957,5267970,5360812,5458682,5560094,5663152,5766432,5868562,5968383,6065066,6158420,6250438
"East Timor,TMP",TLS,东帝汶,208,758106,772656,783705,795180,807114,819226,831269,843341,855410,866649,878360,893001,909638,926722,945988,969314,994564,1019362,1043076,1065540,1088486,1112976,1137676,1161555,1184830,1205813,1224562,1243235,1261845,1280438,1299995
Kingdom of Tonga,TON,汤加,52,98727,99010,99260,99492,99732,99976,100195,100658,101343,101982,102603,103210,103804,104410,105036,105634,106190,106638,106932,107144,107384,107610,107502,107089,106626,106122,105708,105415,105150,104951,105254
Republic of Trinidad and Tobago,TTO,特立尼达和多巴哥,36,1266518,1276224,1285502,1293974,1301393,1307822,1313434,1318171,1322572,1327062,1332203,1338567,1345964,1353548,1361172,1369075,1376919,1384860,1392802,1401191,1410296,1420020,1430377,1440729,1450661,1460177,1469330,1478607,1504709,1519955,1518147
Republic of Tunisia,TUN,突尼斯,74,8440024,8622853,8802540,8977173,9143142,9294102,9430550,9557948,9677148,9788067,9893316,9995124,10094561,10193798,10292224,10388344,10483558,10580394,10680380,10784504,10895062,11032528,11174383,11300284,11428948,11557778,11685668,11811443,11933042,12049314,12161723
Republic of Turkey,TUR,土耳其,242,54324142,55321172,56302037,57296008,58310245,59305490,60293786,61277426,62242204,63185615,64113547,65072018,65988663,66867327,67785075,68704714,69601333,70468869,71320726,72225638,73195345,74173854,75277439,76576117,78112074,79646178,81019394,82089826,82809304,83481684,84135428
Tuvalu,TUV,图瓦卢,62,9182,9354,9466,9517,9559,9585,9611,9630,9634,9640,9638,9621,9609,9668,9791,9912,10030,10149,10272,10408,10550,10700,10854,10918,10899,10877,10852,10828,10865,10956,11069
United Republic of Tanzania,TZA,坦桑尼亚,112,26206012,26890906,27580723,28469017,29598323,30560071,31140733,31785846,32626498,33499772,34463704,35414470,36353531,37333918,38360879,39439506,40562052,41716497,42870884,43957934,45110527,46416031,47786137,49253644,50814552,52542824,54401802,56267032,58090443,59872579,61704518
Republic of Uganda,UGA,乌干达,102,17586630,18171935,18801966,19462958,20125021,20680831,21249572,21876935,22537658,23279247,24020697,24763325,25545090,26354736,27146084,27946588,28773227,29629804,30509862,31412520,32341728,33295738,34273295,35273570,36336540,37477356,38748299,40127085,41515395,42949080,44404611
Ukraine,UKR,乌克兰,176,51589817,51672816,51785154,51778418,51487372,51061265,50616105,50169353,49745874,49320119,48879756,48414534,47976538,47605644,47261960,46912610,46592556,46313068,46062937,45863884,45683020,45516134,45406226,45307099,45148075,44982564,44833569,44657257,44446954,44211094,43909666
Oriental Republic of Uruguay,URY,乌拉圭,142,3117012,3135374,3153732,3171748,3189945,3208300,3226634,3245069,3262683,3278963,3292224,3300939,3306441,3310202,3313801,3317665,3322282,3328651,3336126,3344156,3352651,3361637,3371133,3381180,3391662,3402818,3413766,3422200,3427042,3428408,3429086
United States Of America,USA,美国,3,248083732,251560189,255175339,258779754,262273589,265660556,268984347,272395438,275835018,279181581,282398554,285470493,288350252,291109820,293947885,296842670,299753098,302743399,305694910,308512036,311182845,313876608,316651321,319375166,322033964,324607776,327210198,329791230,332140037,334319671,335942003
Republic of Uzbekistan,UZB,乌兹别克斯坦,241,20579100,21074304,21588138,22085918,22564732,23026206,23465926,23877289,24256775,24602708,24925554,25248445,25579030,25905904,26234923,26573423,26926819,27309616,27726810,28167842,28614227,29057458,29503051,29963226,30446542,30949417,31453574,31945682,32449576,32976948,33526656
Saint Vincent and the Grenadines,VCT,圣文森特和格林纳丁斯,31,112488,112780,113222,113621,113944,114174,114290,114276,114164,113994,113812,113641,113450,113108,112608,112042,111426,110824,110316,109840,109308,108702,108083,107450,106912,106482,105963,105548,105280,104924,104632
Republic of Venezuela,VEN,委内瑞拉,132,19750579,20226214,20700461,21172100,21640833,22107286,22572110,23037561,23503819,23966960,24427729,24880203,25330929,25782029,26226927,26668785,27102080,27525097,27933833,28327892,28715022,29096159,29470426,29838021,30193258,30529716,30741464,30563433,29825653,28971683,28490453
British Virgin Islands,VGB,英属维尔京群岛,13,15616,16090,16476,16855,17255,17674,18120,18592,19080,19586,20104,20657,21288,21982,22715,23497,24323,25191,26115,27044,27556,27962,28421,28657,28971,29366,29739,30060,30335,30610,30910
Virgin Islands of the United States,VIR,美属维尔京群岛,15,100685,100968,101535,102144,102641,103454,104631,105785,106868,107827,108185,108006,107726,107288,106743,106481,106514,106506,106482,106467,106142,105480,104773,104058,103383,102804,102316,101851,101365,100826,100442
Socialist Republic of Viet Nam,VNM,越南,245,66912613,68358820,69788747,71176405,72501087,73759110,74946448,76058603,77128424,78123713,79001142,79817777,80642308,81475825,82311227,83142095,83951800,84762269,85597241,86482922,87411012,88349117,89301326,90267739,91235504,92191398,93126528,94033048,94914330,95776716,96648685
Republic of Vanuatu,VUT,瓦努阿图,50,150882,154678,158577,162548,166560,170612,174714,178871,183088,187432,192074,197034,202125,207258,212422,217632,222923,228345,233952,239689,245453,251294,257313,263534,269927,276438,283218,290239,297298,304404,311685
Wallis and Futuna,WLF,瓦利斯和富图纳,68,13454,13598,13748,13900,14046,14180,14291,14390,14490,14600,14723,14852,14988,15031,14853,14552,14260,13964,13666,13392,13142,12900,12671,12464,12307,12182,12060,11936,11816,11714,11655
Independent State of Samoa,WSM,萨摩亚,66,168186,168701,169799,171362,173107,174902,176713,178543,180385,182211,184008,185530,186630,187440,188073,188626,189379,190478,191787,193176,194672,196351,198124,199939,201757,203571,205544,207630,209701,211905,214929
Republic of Yemen,YEM,也门,221,13375121,13895851,14433771,14988046,15553171,16103339,16614326,17108681,17608134,18114552,18628700,19143457,19660653,20188799,20733406,21320671,21966298,22641538,23329004,24029589,24743946,25475610,26223391,26984002,27753304,28516545,29274002,30034389,30790513,31546691,32284046
Reoublic of Montenegro,YUG,黑山共和国,185,621442,624954,627665,629554,630968,632066,633004,633608,633903,633723,633324,633065,632737,632352,632545,632876,632545,631922,631466,631182,631044,631788,633051,633946,634294,633966,633264,632438,631455,630396,629048
Republic of South Africa,ZAF,南非,127,39877570,40910958,41760755,42525440,43267982,43986084,44661603,45285048,45852166,46364682,46813266,47229714,47661514,48104048,48556071,49017148,49491756,49996094,50565812,51170779,51784921,52443326,53145033,53873616,54729551,55876504,56422274,56641209,57339635,58087055,58801926
Republic of Zambia,ZMB,赞比亚,117,7686401,7880466,8074337,8270918,8474216,8684134,8902019,9133156,9372430,9621238,9891136,10191964,10508294,10837973,11188040,11564870,11971568,12402073,12852966,13318087,13792086,14265814,14744658,15234976,15737793,16248230,16767761,17298054,17835893,18380477,18927715
Republic of Zimbabwe,ZWE,津巴布韦,121,10113893,10377815,10641501,10794918,10858594,10994042,11178171,11362402,11548364,11716454,11834676,11910978,11984644,12075828,12160882,12224752,12330490,12450568,12550348,12679810,12839770,13025785,13265331,13555422,13855753,14154937,14452704,14751101,15052184,15354608,15669666
